EmployeeNumber,HourlyRate,DailyRate,MonthlyRate,StockOptionLevel
1,94,1102,19479,0
2,61,279,24907,1
4,92,1373,2396,0
5,56,1392,23159,0
7,40,591,16632,1
8,79,1005,11864,0
10,81,1324,9964,3
11,67,1358,13335,1
12,44,216,8787,0
13,94,1299,16577,2
14,84,809,16479,1
15,49,153,12682,0
16,31,670,15170,1
18,93,1346,8758,1
19,50,103,12947,0
20,51,1389,10195,1
21,80,334,15053,2
22,96,1123,7324,2
23,78,1219,22021,0
24,45,371,4306,0
26,96,673,8232,1
27,82,1218,6986,0
28,53,419,21293,0
30,96,391,19281,0
31,83,699,17102,0
32,58,1282,10735,1
33,72,1125,4681,0
35,48,691,21173,1
36,42,477,2094,1
38,83,705,22822,0
39,78,924,6670,0
40,41,1459,19121,0
41,83,125,16117,0
42,56,895,3335,1
45,61,813,3020,1
46,72,1273,21923,2
47,86,869,3810,0
49,97,890,9687,0
51,82,852,13072,1
52,42,1141,3193,2
53,75,464,10910,1
54,33,1240,19715,1
55,48,1357,10558,0
56,37,994,2975,0
57,58,721,10781,0
58,49,1360,16280,0
60,72,1065,10034,0
61,73,408,10227,0
62,98,1211,20445,0
63,36,1229,4892,0
64,98,626,19294,0
65,50,1434,11179,0
68,75,1488,4009,1
70,79,1097,8302,1
72,47,1443,21436,1
73,98,515,15146,0
74,71,853,11031,1
75,30,1142,16002,1
76,48,655,9528,1
77,51,1115,2689,1
78,33,427,10877,1
79,50,653,5456,0
80,43,989,16701,1
81,99,1435,2354,0
83,59,1223,8202,3
84,33,836,19730,3
85,95,1195,22656,0
86,59,1339,18787,1
88,79,664,5868,1
90,79,318,21777,1
91,57,1225,24668,0
94,76,1328,4956,1
95,87,1082,18775,0
96,66,548,7346,2
97,55,132,22002,0
98,61,746,20682,0
100,32,776,23016,0
101,52,193,15067,0
102,30,397,25258,0
103,80,945,10425,1
104,55,852,15998,2
105,30,1214,26278,0
106,70,111,18092,1
107,79,573,15717,3
110,94,1153,17736,0
112,49,1400,21698,0
113,62,541,9518,1
116,96,432,18725,2
117,99,288,15830,3
118,64,669,13596,0
119,78,530,14115,1
120,71,632,8423,0
121,63,1334,19760,3
124,40,638,3142,1
125,87,1093,24301,0
126,60,1217,24001,1
128,33,1353,17519,1
129,43,120,8863,0
131,37,682,24409,0
132,67,489,25043,1
133,63,807,23648,0
134,71,827,15178,0
137,66,871,19783,0
138,41,665,12482,0
139,100,1040,15850,1
140,32,1420,21922,1
141,73,1115,9755,0
142,46,240,26959,0
143,64,1280,26897,2
144,59,534,23785,0
145,30,1456,25796,0
147,66,658,22887,0
148,30,142,13871,0
150,52,1127,13257,1
151,45,1031,15000,1
152,87,1189,14506,0
153,45,1354,5615,0
154,92,1467,22952,1
155,39,922,2561,1
158,92,394,19494,2
159,96,1312,22310,3
160,95,750,15480,1
161,72,441,4510,3
162,51,684,6462,0
163,76,249,20739,0
164,46,841,23300,0
165,94,147,3465,1
167,50,528,26820,0
169,100,594,19299,1
170,96,470,5549,0
171,72,957,16090,0
174,77,809,6645,0
175,71,542,24788,1
176,96,802,21196,1
177,61,1355,8916,1
178,84,216,2819,2
179,53,1150,25150,0
182,47,1329,14590,1
183,41,959,24835,0
184,48,1240,13982,0
190,41,1033,10224,0
192,83,1316,9752,0
193,32,364,2302,0
194,75,438,23910,0
195,35,689,22812,3
197,84,201,10415,1
198,35,1427,11162,0
199,91,857,12888,1
200,94,933,6961,1
201,79,1181,16102,0
202,54,1395,8504,1
204,94,662,11439,2
205,34,1436,16047,1
206,60,194,10901,1
207,43,967,15589,0
208,41,1496,26283,1
211,34,1169,13983,0
214,75,1145,11873,1
215,67,630,8552,1
216,75,303,11314,1
217,80,1256,11992,2
218,57,691,5970,1
221,42,440,6672,1
223,83,334,23402,1
224,79,1450,25326,1
226,53,1452,17053,0
227,56,465,4609,1
228,41,1339,8053,1
230,59,702,12930,0
231,43,120,12430,0
233,51,1157,13364,1
235,100,602,20989,0
238,30,1480,15062,0
239,66,111,11012,2
240,30,1268,6319,1
241,67,713,13939,1
242,90,134,10515,0
243,47,303,9241,0
244,92,526,2137,3
245,75,1380,6319,0
246,95,140,6984,1
247,95,629,5711,0
248,70,1356,21728,0
249,86,328,3425,1
250,57,1084,26250,2
252,72,931,4673,1
253,46,989,6499,1
254,61,692,13339,0
256,45,1069,14074,0
258,98,313,7192,0
259,65,699,5678,1
260,99,894,11781,0
261,50,556,15497,0
262,37,1344,5228,3
264,65,1195,20462,1
267,65,290,22977,1
269,37,138,15986,0
270,36,926,16439,1
271,88,1261,7259,0
273,54,1084,4185,1
274,60,472,9679,1
275,92,1002,23793,2
277,43,878,5972,1
281,99,905,16523,1
282,70,1180,11354,0
283,35,121,24525,3
284,60,1136,12392,1
286,73,635,7703,0
287,63,1151,14242,1
288,97,644,12368,1
291,32,1045,25812,0
292,88,829,20925,0
293,90,1242,12916,0
296,81,1469,15736,2
297,88,1005,8556,0
298,75,896,14674,0
299,52,334,22967,0
300,85,992,19757,0
302,57,1052,16840,0
303,52,1147,17011,1
304,62,1396,9945,0
305,47,147,13248,0
306,47,663,10056,3
307,76,119,9647,2
308,90,979,4381,1
309,70,142,8456,1
311,41,319,2539,1
312,42,1413,6599,1
314,92,944,9096,0
315,86,896,14961,0
316,89,1323,3300,0
319,58,532,4933,0
321,52,818,25657,0
323,68,854,24118,1
325,58,813,22149,1
327,80,1034,7744,1
328,39,465,21509,0
329,79,771,21030,0
330,56,1401,20990,1
331,62,515,9571,0
332,96,1431,15417,3
333,100,976,12069,0
334,36,1411,19877,2
335,62,1300,24447,2
336,70,252,15970,1
337,73,1327,13523,1
338,63,832,14776,1
339,84,470,23687,1
340,83,1017,18697,1
341,77,1199,5118,1
342,61,504,22573,2
343,64,505,6420,0
346,60,665,22673,0
347,82,916,23016,0
349,45,1247,10732,1
350,62,685,7505,2
351,56,269,8007,1
352,49,1416,5949,1
353,96,833,23231,0
355,71,307,11652,0
359,100,1311,26062,0
361,39,1327,19682,1
362,84,128,19737,0
363,75,488,14977,1
364,79,529,14935,0
366,78,1210,3687,2
367,64,1463,14408,1
369,85,675,18384,2
372,79,1385,7501,0
373,47,1403,20251,1
374,81,452,18938,0
376,88,666,10268,1
377,94,1158,2613,1
378,98,228,22825,1
379,100,996,10531,0
380,80,728,11677,2
381,71,1315,19100,1
382,44,322,19191,1
384,84,1479,26767,1
385,96,797,15815,2
386,45,1070,21016,3
387,99,635,24532,0
388,44,442,20260,0
389,37,147,15972,1
390,60,496,22722,1
391,42,1372,15881,0
392,43,920,19920,1
393,82,688,18899,1
394,45,1449,14180,1
395,66,1117,4488,0
396,35,636,25594,0
397,30,506,26285,0
399,84,444,3909,1
401,48,950,8450,0
403,53,889,11411,3
404,77,555,14864,1
405,54,230,25233,0
406,96,1232,5100,2
407,81,566,7122,2
408,84,1302,16321,1
410,88,334,15896,0
411,69,812,9724,0
412,68,1476,4824,0
416,100,218,12241,1
417,48,1132,10942,3
419,47,1105,6927,1
420,91,906,16985,1
421,81,849,26707,1
422,32,390,17056,1
423,86,691,10077,1
424,62,106,17822,0
425,97,1249,20308,1
426,32,192,7747,1
428,74,553,23364,2
429,99,117,5355,0
430,33,185,10675,0
431,90,1091,17810,0
433,85,723,17747,0
434,85,1220,20938,0
436,65,588,24624,0
437,74,1377,5242,0
438,73,691,7143,3
439,74,1018,10557,0
440,84,1157,24737,0
441,64,1275,11934,2
442,48,798,14034,1
444,54,672,21141,1
445,41,1162,17778,0
446,46,508,4317,0
447,42,1482,16375,1
448,82,559,6227,1
449,73,210,22107,1
450,31,928,16885,0
451,43,1001,9262,1
452,75,549,9278,2
453,57,1124,13273,3
454,77,318,4759,0
455,30,738,7621,0
456,30,570,5431,3
458,56,1130,3415,1
460,61,1192,23177,2
461,92,343,15682,1
462,39,1232,25713,0
463,39,144,11866,2
464,62,1296,18264,0
465,83,1309,16092,2
466,95,483,10110,0
467,99,1309,25751,0
468,44,810,15901,0
469,61,746,16928,1
470,52,544,24017,1
471,75,1062,3956,1
473,91,530,23978,1
474,51,1319,17001,2
475,85,641,6069,1
476,57,933,20156,1
477,98,1332,17078,0
478,99,756,9150,0
479,45,845,15276,0
481,48,541,7246,1
482,88,593,2967,0
483,46,1171,22495,1
484,39,895,2851,0
485,34,350,9150,0
486,98,921,17663,1
487,30,1144,16044,0
488,56,143,9558,0
491,100,1046,2755,0
492,68,575,6110,2
493,42,408,7551,0
494,90,156,25422,0
495,54,1283,18168,0
496,97,755,19394,0
497,82,1469,17881,1
498,92,304,20750,0
499,31,1261,12066,0
500,87,1178,14862,1
501,96,329,11868,1
502,67,1362,4652,0
505,97,1311,23258,0
507,77,1371,5915,1
508,72,202,17434,1
510,73,575,6582,0
511,43,253,24440,1
513,61,164,3809,2
514,40,464,3427,0
515,95,1107,26914,1
516,46,759,22553,2
517,95,201,20490,1
518,49,1305,21123,0
520,59,982,4345,1
521,78,555,13436,1
522,86,821,8509,1
523,72,1381,12740,1
524,31,480,4156,1
525,61,313,15238,1
526,74,1473,2227,0
527,99,891,12090,0
529,72,1063,23866,2
530,98,329,16193,1
531,52,1218,8213,1
532,86,906,18256,3
533,83,1082,19558,0
534,49,645,19566,1
536,79,1300,13535,1
538,91,688,9396,1
543,39,319,19609,0
544,69,192,9655,2
546,30,1490,10310,0
547,92,532,12932,1
548,43,317,24793,0
549,41,422,3854,0
550,87,1485,26314,1
551,88,1368,4386,3
554,62,1448,21972,0
555,33,296,12253,1
556,42,1490,12106,1
558,79,1398,13022,0
560,90,1349,3032,2
562,53,1400,16734,1
564,93,986,21526,0
565,71,408,18300,0
566,52,489,18437,0
567,69,1398,2890,0
568,56,210,22102,1
569,88,1099,9314,1
571,49,1116,7181,0
573,80,1499,2845,0
574,65,983,7389,3
575,51,1009,2288,0
577,46,144,19225,0
578,42,548,23428,0
579,62,1303,8416,1
580,94,1125,11563,1
581,33,1274,14394,1
582,56,1277,24619,0
584,38,587,6705,3
585,57,413,18398,0
586,72,1276,14295,0
587,66,534,22908,0
590,43,988,11533,3
591,97,1474,9260,1
592,32,635,15318,0
593,99,1368,9129,0
595,37,163,19658,1
597,83,1117,9873,0
599,56,267,13430,0
600,85,619,18659,0
601,75,302,20364,0
602,48,443,17872,1
604,77,828,8346,0
605,56,319,6950,1
606,61,561,16177,1
608,58,426,22808,1
611,34,232,22645,2
612,95,922,22578,1
613,44,688,25291,1
614,69,1306,8059,0
615,58,1094,11373,1
616,62,509,2112,0
618,45,775,4267,2
620,80,195,6698,0
621,74,258,19921,0
622,66,471,23213,0
623,59,799,23848,0
624,86,1034,8984,0
625,91,1276,5626,1
626,69,142,24666,1
630,78,956,22087,2
631,60,1474,23914,0
632,38,535,5530,2
634,76,1495,22174,1
635,65,446,15701,1
638,58,1245,2125,1
639,89,691,21630,2
641,66,703,7428,2
643,94,823,9100,1
644,99,1246,7999,1
645,40,622,26376,0
647,55,1287,14168,1
648,74,448,14470,1
649,83,254,22794,1
650,46,1365,11512,0
652,54,538,14004,0
653,66,525,6219,2
655,66,798,5013,2
656,75,558,3010,1
657,83,959,11757,0
659,81,622,5718,2
661,50,782,2671,1
662,43,362,14561,0
663,72,1001,19627,1
664,40,1236,17997,1
665,50,1112,26894,0
666,31,204,2912,2
667,85,1420,16346,1
669,49,1343,24444,0
671,35,1315,9358,1
675,69,604,12145,0
677,39,1216,20431,0
679,92,646,18089,1
680,71,160,22653,1
682,34,238,7507,0
683,42,1397,7660,1
684,100,306,5630,2
686,71,991,17759,1
689,36,482,9606,1
690,62,1176,3487,1
691,82,1017,19368,0
692,30,1296,5335,1
698,88,397,6729,1
699,48,913,13934,1
700,54,1115,15174,0
701,32,1362,26999,0
702,70,1076,3164,0
704,41,727,16900,2
705,58,885,8544,1
707,57,810,15678,1
709,46,243,7791,0
710,76,806,18959,1
712,56,817,18597,0
714,71,1410,16673,2
715,80,1225,15232,0
716,74,1207,3297,3
717,46,1442,17654,0
720,65,693,24785,0
721,80,408,20978,0
722,55,929,21703,0
723,50,562,23452,1
724,33,827,19383,0
725,68,608,6009,0
727,39,1018,19373,0
728,42,703,11825,0
729,48,580,23772,1
730,59,970,13514,0
731,73,427,8861,3
732,84,1179,11924,0
733,32,294,4809,2
734,59,314,19562,1
738,54,316,9983,1
741,67,654,3872,0
742,63,427,20335,1
743,81,168,15397,0
744,49,381,2104,0
746,49,217,10225,2
747,99,501,25275,1
749,99,1396,2755,0
752,57,933,20366,0
754,47,775,23683,1
757,96,970,7360,0
758,37,650,4344,1
760,44,141,18767,1
762,81,832,20420,0
763,86,804,22929,0
764,55,975,23398,0
766,83,1090,17967,2
769,86,346,10919,0
771,61,1225,4761,1
772,80,430,21146,2
773,92,268,20471,1
775,32,167,4187,1
776,31,621,10084,0
780,63,527,5207,0
781,32,883,22807,0
783,46,954,12388,0
784,79,310,19630,0
785,77,719,10339,0
786,60,304,18686,0
787,78,725,21199,1
789,76,1434,14229,0
791,41,715,26589,1
792,71,575,5288,1
793,66,657,25549,1
796,38,1146,3064,0
797,72,182,13551,0
799,95,376,22670,2
800,84,829,24008,1
802,82,571,19905,2
803,75,240,26085,0
804,86,121,7530,0
805,72,384,20317,1
806,38,921,24375,2
807,38,791,9931,1
808,93,1111,13305,1
809,66,570,16225,1
811,63,1243,3445,2
812,60,1092,26551,3
813,82,1325,21821,1
815,64,691,6881,0
816,36,805,6689,1
817,49,213,25995,0
819,69,118,26507,0
820,33,202,12982,1
823,35,676,23361,1
824,81,1252,23779,1
825,31,286,25761,0
826,40,1258,13301,0
827,43,932,4051,1
828,46,890,16374,0
829,36,1041,25527,1
830,98,859,19124,1
832,51,720,11983,0
833,52,946,20234,0
834,95,252,6153,0
836,98,933,11806,1
837,45,471,4284,1
838,100,702,8306,0
840,43,1184,5860,2
842,37,436,21519,0
843,94,589,5200,1
844,42,269,8842,1
845,59,950,18869,0
846,81,760,3698,0
847,88,829,2243,1
848,88,887,20898,1
850,50,443,16571,3
851,66,1318,5594,1
852,50,625,5197,0
854,65,180,21632,0
855,48,586,21816,1
856,53,1343,17852,0
857,56,928,2823,1
859,73,117,9250,1
861,75,1012,2373,1
862,78,661,20715,1
864,74,930,19239,1
865,91,638,22162,1
867,81,890,19028,0
868,66,342,24558,2
869,63,1169,23965,1
872,33,1230,19146,2
874,62,986,5044,1
875,35,1271,9068,0
878,77,1278,8635,0
879,98,141,14363,0
880,66,607,23457,1
881,96,130,16612,1
882,61,300,9148,1
885,87,583,18154,0
887,36,1418,10554,1
888,46,1269,10778,0
889,48,379,8891,1
893,98,395,12102,1
894,95,1265,23726,1
895,48,1222,14871,1
896,48,341,23522,3
897,73,868,22789,1
899,78,672,9129,0
900,54,1231,21222,1
901,72,102,20206,0
902,33,422,21782,1
903,35,249,17783,1
904,32,1252,4814,0
905,98,881,4544,1
909,42,1383,7790,2
910,57,1075,22650,1
911,87,374,18016,0
912,62,1086,6054,3
913,61,661,7508,0
916,98,821,24252,0
918,57,781,13384,1
920,55,177,23814,1
922,49,500,22052,0
923,65,1427,8870,0
924,68,1425,4821,1
925,65,1454,13137,0
926,34,617,10022,1
927,57,1085,17725,1
930,77,995,9834,1
932,70,1122,4303,0
933,76,618,17808,0
934,83,546,6896,2
936,68,462,7824,0
939,100,1198,3339,0
940,37,1272,9255,1
941,41,154,11737,0
942,51,1137,19170,1
944,51,527,22477,1
945,51,1469,5543,2
947,45,1188,24406,1
949,65,188,23293,0
950,80,1333,16292,1
951,70,1184,3974,0
952,36,867,18798,3
954,67,658,20652,1
956,52,1283,11148,0
957,59,263,3119,0
958,79,938,12287,0
959,37,419,9947,0
960,84,129,13008,0
961,41,616,17369,2
964,35,1469,25063,1
966,93,498,13554,1
967,51,530,5518,1
969,42,1069,12291,0
970,46,625,14922,0
972,57,805,23163,0
974,84,1404,18203,1
975,86,1219,6179,0
976,70,1053,13829,1
977,51,289,26227,0
981,45,1376,13938,1
982,62,231,9977,1
983,85,152,19899,0
984,92,882,6812,1
985,41,903,2560,0
986,100,1479,17071,0
987,64,1379,6759,0
990,84,1229,25952,2
991,46,335,10322,0
992,38,722,20489,0
994,92,906,11479,0
995,53,461,17241,0
996,91,974,11005,2
997,66,1126,6615,1
998,84,827,20161,1
999,64,840,3735,1
1001,37,1134,12086,1
1002,42,248,14039,1
1003,83,955,8571,0
1004,48,138,11539,0
1005,95,939,4161,1
1006,66,1391,12127,1
1007,75,566,24208,1
1009,41,1206,24117,2
1010,39,622,10074,1
1011,96,853,11275,1
1012,73,287,13493,0
1013,56,1441,13943,1
1014,57,583,6975,1
1015,73,153,17802,3
1016,98,1097,18275,0
1017,60,109,25725,0
1018,32,1066,3334,0
1019,94,217,6881,1
1022,97,277,13119,0
1024,78,1355,22245,0
1025,42,549,23371,0
1026,65,466,7060,1
1027,47,1055,4658,1
1028,45,802,9541,1
1029,90,265,7770,0
1030,64,804,20165,0
1032,69,715,21829,0
1033,61,1141,14382,0
1034,62,135,12992,2
1035,55,247,20284,2
1036,42,1035,4981,0
1037,79,265,21813,0
1038,57,266,25846,1
1039,53,1448,11737,1
1040,95,145,24920,1
1042,43,885,8269,0
1043,82,945,5083,0
1044,88,1038,21437,0
1045,90,1234,5404,1
1046,69,1109,11135,0
1047,75,216,12278,1
1048,66,1089,11038,1
1049,36,788,8318,0
1050,38,124,23537,1
1052,81,660,7858,1
1053,57,342,15346,1
1055,87,1333,18410,1
1056,74,1144,23384,0
1060,44,1186,2997,1
1061,62,1464,12853,1
1062,35,124,13848,0
1066,74,300,22217,1
1068,66,921,25265,2
1069,40,430,21445,2
1070,41,1082,8392,1
1071,63,1240,12154,1
1073,51,796,15669,0
1074,40,444,17323,0
1076,79,415,5268,1
1077,54,769,17205,0
1079,36,1334,17258,0
1080,74,1003,21029,3
1081,34,1323,10332,3
1082,72,1366,12355,0
1083,59,192,11141,2
1084,85,1176,9096,1
1085,43,509,18863,0
1088,65,330,24608,1
1092,61,1492,26542,1
1094,87,1277,5869,3
1096,65,1091,15813,1
1097,59,857,7909,0
1098,91,1376,2326,1
1099,34,654,21214,1
1100,86,1204,10333,0
1101,54,827,3129,0
1102,50,895,22482,1
1103,45,618,22266,0
1105,88,309,24223,3
1106,32,1219,4605,1
1107,37,1330,19373,1
1108,55,1017,2993,0
1109,35,469,14399,1
1111,45,1009,7160,2
1113,81,959,17251,0
1114,30,970,13401,1
1115,40,697,22478,3
1116,35,1262,16154,0
1117,65,1050,17970,1
1118,87,994,15322,0
1119,73,770,5569,2
1120,93,1107,26968,1
1121,93,950,8039,3
1124,52,406,15596,1
1125,32,130,20619,0
1126,83,1082,11535,1
1127,84,203,13547,3
1128,44,1308,17544,0
1131,70,984,25326,0
1132,70,439,8770,0
1133,78,217,23238,0
1135,67,793,21981,1
1136,67,1451,19911,0
1137,54,1182,18500,1
1138,56,174,11879,1
1140,95,1003,15834,0
1143,61,490,17940,2
1148,56,188,9558,0
1150,79,718,17689,1
1152,37,433,6004,1
1154,39,773,22088,1
1156,80,247,13556,0
1157,77,603,18385,0
1158,46,167,9051,1
1160,72,874,6233,1
1161,52,367,17171,2
1162,55,199,7950,1
1163,70,1400,5829,0
1164,100,528,7108,0
1165,45,408,11162,1
1166,88,593,13782,0
1167,44,481,2447,0
1171,45,647,2253,0
1172,58,982,16340,1
1173,49,477,6409,0
1175,79,1485,22955,0
1177,82,1384,13421,1
1179,72,852,2706,1
1180,92,902,21203,1
1182,44,819,19588,1
1184,97,669,25755,0
1185,47,636,26537,1
1188,85,1372,9489,0
1190,76,862,14947,3
1191,92,718,18575,1
1192,54,1401,26342,1
1193,54,645,7172,0
1195,83,1457,20100,1
1196,56,977,9961,1
1198,87,805,12828,0
1200,96,1097,10826,0
1201,50,1223,18640,1
1202,69,942,26933,1
1203,48,1256,4223,1
1204,69,1402,24097,0
1206,74,111,4279,0
1207,99,147,8429,1
1210,95,906,20293,1
1211,61,1329,13192,3
1212,62,1184,25440,3
1215,30,1421,9490,1
1216,78,1179,12449,3
1217,52,1450,10849,1
1218,94,1361,21026,3
1219,97,984,3372,1
1220,82,1146,4905,1
1221,60,917,6865,1
1224,49,853,11309,3
1225,32,200,7744,0
1226,43,654,5050,0
1228,60,150,17433,1
1231,79,179,12858,1
1233,52,696,10893,1
1234,77,116,7331,1
1235,38,1316,2338,0
1237,77,363,4235,1
1238,60,117,6311,1
1239,84,107,11591,1
1240,57,1356,20623,0
1241,63,1465,9369,1
1242,60,458,23281,0
1243,78,1212,13755,1
1244,42,1103,14377,2
1245,53,966,9659,1
1246,72,1117,19982,1
1248,96,504,6148,0
1249,97,1010,5598,3
1250,85,685,23474,0
1251,80,1332,17089,0
1252,96,1062,17198,0
1254,48,326,16490,0
1255,96,920,18625,1
1256,85,1098,12124,1
1257,46,469,9256,0
1258,76,969,16620,0
1259,76,1167,3208,3
1260,82,1329,4204,2
1263,76,715,8733,0
1264,87,694,3423,2
1265,89,1320,21643,0
1267,88,1099,8751,1
1268,82,536,21708,2
1269,57,265,21221,0
1270,47,373,16901,1
1273,73,599,8040,0
1275,53,583,9973,0
1277,94,1449,2493,0
1278,37,177,25592,1
1279,45,251,25308,0
1280,33,168,9946,1
1281,86,131,6039,0
1282,83,237,19196,1
1283,67,1429,20002,0
1285,46,135,22534,2
1286,44,791,6842,0
1288,92,1199,17477,2
1289,56,648,21833,2
1291,66,735,6020,0
1292,78,603,5628,0
1293,56,531,20364,0
1294,53,429,2323,0
1295,73,621,14075,1
1296,52,193,14222,1
1297,40,968,4257,0
1298,72,879,12858,0
1299,39,806,17285,2
1301,84,640,4732,0
1303,40,266,18830,0
1304,56,604,11693,2
1306,83,364,13035,0
1307,94,412,17334,2
1308,88,848,26076,2
1309,79,1089,22845,1
1310,93,360,22154,0
1311,48,1138,23631,1
1312,63,325,5747,0
1314,44,991,22957,0
1315,55,1476,16392,3
1317,43,1322,22422,0
1318,57,299,17235,0
1319,64,1030,21534,0
1321,95,634,25927,2
1322,32,524,13352,0
1324,57,587,8935,1
1329,40,256,22074,0
1331,54,1060,8319,0
1333,89,935,14669,0
1334,37,495,26582,0
1336,58,282,6992,1
1338,99,206,4022,0
1340,74,458,8532,1
1344,86,943,5494,1
1346,98,523,22455,0
1349,66,1018,4297,1
1350,87,482,2690,0
1352,84,770,17588,1
1355,31,1009,19461,1
1356,66,507,23553,0
1358,67,882,9075,3
1360,53,601,12023,0
1361,88,329,6762,1
1362,83,607,2261,1
1363,54,855,18706,0
1364,98,1291,6527,1
1367,82,1405,24439,0
1368,97,1124,19305,0
1369,60,817,10846,1
1371,43,793,20392,0
1372,85,267,9277,0
1373,68,1369,18235,1
1374,92,999,15891,3
1375,89,1202,13888,3
1377,86,285,17491,2
1379,90,703,11882,0
1380,67,662,23288,1
1382,57,693,15748,3
1383,98,404,6163,0
1387,48,736,24232,1
1389,98,330,21057,2
1390,44,1498,3567,2
1391,52,541,15395,0
1392,75,1200,13953,2
1394,54,1439,5182,0
1395,61,1111,19293,0
1396,36,499,20497,3
1397,71,1485,3449,1
1399,93,1372,12477,0
1401,59,322,9731,1
1402,73,930,20003,0
1403,98,205,7100,0
1405,51,135,25681,0
1407,36,683,4050,0
1408,31,1147,16616,1
1409,54,258,17363,0
1411,94,1462,19106,0
1412,60,200,19944,0
1415,81,949,4910,1
1417,100,652,23577,0
1419,51,332,9769,0
1420,97,1475,22710,0
1421,84,337,22930,0
1422,54,971,5652,0
1423,76,1055,22456,1
1424,81,1136,12414,2
1425,99,1174,20763,0
1427,50,667,16154,0
1428,73,855,12761,2
1430,93,182,8847,0
1431,91,560,20284,2
1433,34,202,22262,0
1434,91,1377,7679,0
1435,37,172,22604,0
1436,98,329,13494,2
1438,74,465,10205,1
1439,68,383,15182,0
1440,84,1413,25470,0
1441,90,1255,10494,1
1443,82,359,26703,2
1445,42,1476,15211,2
1446,97,601,23343,1
1447,86,401,3708,1
1448,90,1283,5561,0
1449,81,663,23099,2
1453,31,326,8386,1
1457,52,377,15986,1
1458,54,592,17181,0
1459,100,1445,8931,0
1460,95,1038,19863,1
1461,96,1398,24609,0
1464,94,523,21081,1
1465,55,1448,14720,2
1466,96,1221,24795,3
1467,52,1107,3072,0
1468,55,218,25178,1
1469,84,866,23490,0
1471,90,981,7973,0
1472,39,447,19764,0
1473,96,1495,21534,1
1474,68,896,8045,1
1475,49,1467,21158,0
1477,54,430,17456,2
1478,81,1326,15891,0
1479,96,1358,2939,2
1480,74,748,16458,0
1481,79,383,9282,1
1482,64,990,7152,2
1483,93,405,2721,1
1484,35,1490,20948,2
1485,71,829,11929,2
1486,92,1496,15747,1
1487,51,115,17485,0
1489,40,790,7815,0
1492,76,660,16192,1
1494,89,381,16998,0
1495,78,830,7103,1
1496,86,1193,19719,0
1497,77,1246,23757,2
1499,46,330,15428,1
1501,30,1229,16143,0
1502,82,1099,8192,0
1503,78,571,24200,1
1504,38,289,5355,0
1506,72,1423,12530,1
1507,55,467,11827,0
1509,43,271,23070,1
1513,97,410,4668,3
1514,96,1083,3173,2
1515,69,516,22049,0
1516,64,495,21072,0
1520,87,1050,24456,1
1522,100,224,7568,0
1523,32,136,22074,1
1525,32,1089,9150,0
1527,51,228,11380,1
1529,91,1029,21195,0
1533,97,507,24812,0
1534,86,676,21831,0
1535,64,971,12288,0
1537,33,561,4156,0
1539,88,333,24450,0
1541,55,1440,4944,1
1542,68,1210,24052,1
1543,47,674,3031,0
1544,39,441,7288,1
1545,44,575,24152,0
1546,97,950,4585,1
1547,40,288,18611,1
1548,47,1342,19345,0
1549,79,589,22949,1
1550,38,898,17381,0
1551,57,350,10036,3
1552,72,1142,8841,0
1553,66,538,20933,3
1554,98,1402,26204,2
1555,67,824,15624,1
1556,70,1157,17001,0
1557,96,492,13693,1
1558,91,598,22376,2
1560,46,1242,10589,1
1562,64,740,5323,1
1563,71,888,14814,0
1564,68,992,21731,0
1568,33,1288,17799,1
1569,69,104,26619,1
1572,78,607,14618,1
1573,81,903,7653,2
1574,62,1200,25174,1
1576,65,1108,16530,1
1577,35,479,22061,0
1578,60,685,23037,1
1580,45,1351,13008,1
1581,89,474,11133,0
1582,80,1245,12355,1
1583,90,437,16379,0
1585,73,884,21447,0
1586,87,1370,16213,0
1587,51,670,4223,0
1588,38,1462,4658,1
1590,87,995,24483,1
1591,59,264,19519,1
1592,45,977,12826,1
1594,80,1302,19711,1
1595,93,1059,26362,0
1596,46,750,25348,2
1597,92,653,15332,1
1598,84,118,11262,1
1599,87,990,5855,1
1601,63,1349,7713,1
1602,56,563,3156,0
1604,51,329,7324,3
1605,85,457,10293,0
1606,41,1234,20689,1
1607,35,634,18783,2
1608,31,1313,3549,1
1609,48,241,5348,1
1611,50,1015,23447,0
1612,52,336,24162,1
1613,54,715,21602,0
1614,76,559,12421,2
1615,42,426,17000,1
1617,84,722,22102,1
1618,76,1387,3835,3
1619,67,1302,16290,2
1621,48,819,26312,0
1622,39,580,20460,1
1623,97,546,26009,0
1624,70,544,18420,0
1625,98,1176,5220,1
1627,76,170,10302,1
1628,80,884,25800,2
1630,52,208,12250,1
1631,85,671,26493,3
1633,81,711,3140,0
1635,59,1329,5388,2
1638,54,397,14199,1
1639,55,737,21530,0
1640,71,1470,9953,1
1641,84,448,19948,0
1642,37,602,10503,0
1644,89,365,5602,1
1645,59,763,22098,2
1646,32,567,17218,0
1647,86,486,22490,0
1648,87,591,6297,0
1649,73,1329,3339,0
1650,42,469,23413,0
1651,42,711,22792,2
1653,77,772,4973,2
1654,66,492,7693,0
1655,72,301,3498,2
1656,50,813,21981,3
1657,31,1141,13251,0
1658,66,1130,19332,1
1659,77,311,10950,0
1661,41,465,11652,1
1662,33,894,15411,0
1664,79,1040,26308,1
1665,91,584,18685,1
1666,65,1291,3525,1
1667,36,880,10414,0
1668,90,1189,9867,2
1669,43,991,3356,1
1670,93,392,3921,2
1671,45,977,25518,2
1673,67,1112,22589,2
1674,74,464,24941,1
1675,42,148,23826,0
1676,47,1225,21086,3
1677,36,809,22384,0
1678,80,1206,11591,0
1680,54,727,21082,0
1681,36,530,16130,1
1682,80,1351,7419,2
1683,44,528,4167,3
1684,93,1320,20586,0
1687,87,1495,26176,1
1689,48,1395,3458,0
1691,95,708,11740,2
1692,95,1259,24852,0
1693,76,786,11925,0
1694,94,1441,23737,1
1696,57,1157,11912,1
1697,92,370,20467,1
1698,79,267,13637,3
1700,31,1278,7677,2
1701,35,678,20338,0
1702,99,427,25103,1
1703,96,921,14810,1
1704,79,146,13970,0
1706,73,1179,6069,1
1707,62,581,17616,1
1708,35,918,15869,0
1709,43,1082,25412,1
1710,51,530,7439,0
1712,74,1238,3395,1
1714,58,240,11585,1
1716,82,1093,24164,0
1718,62,390,6217,3
1719,48,1005,17119,0
1720,56,585,17360,1
1721,69,741,18103,1
1722,60,552,20794,1
1724,92,369,5041,1
1725,91,506,3622,3
1727,34,717,9697,0
1728,49,1370,5151,1
1729,33,793,3811,1
1731,87,543,3536,1
1732,74,1277,5596,1
1733,96,1456,8658,3
1734,34,964,12147,0
1735,51,160,12862,0
1736,30,163,6670,0
1737,77,792,8989,1
1739,80,371,3840,1
1740,88,611,4349,0
1744,56,176,6595,2
1745,78,1312,26427,0
1746,59,897,2097,1
1747,66,600,9732,1
1749,51,1003,20943,1
1751,67,1054,6152,0
1752,52,428,14630,0
1753,70,461,23060,0
1754,94,979,3088,1
1755,97,181,5586,3
1756,62,1283,10697,0
1757,80,1313,8191,0
1758,74,211,10092,0
1760,75,594,15963,1
1761,70,1079,19002,3
1762,91,590,10007,1
1763,58,305,9128,1
1764,65,953,17674,0
1766,60,833,24539,1
1767,38,807,15587,1
1768,57,855,8952,3
1770,60,478,19805,3
1771,90,775,6194,2
1772,94,548,20520,2
1774,87,1375,12313,1
1775,60,661,22308,3
1778,97,244,5033,0
1779,32,511,25353,0
1780,31,337,4567,0
1782,40,1153,16376,1
1783,79,1294,15999,0
1784,91,196,13402,2
1786,53,942,22984,0
1787,46,589,8800,2
1789,46,734,14218,1
1790,90,1383,25949,1
1792,99,429,11092,3
1794,89,1239,12832,0
1797,84,303,13492,0
1798,90,867,6076,1
1799,82,1181,5531,1
1800,65,1253,7914,0
1801,98,849,25166,0
1802,99,616,25605,1
1803,95,1128,5696,2
1804,90,1180,24442,1
1805,100,1336,7129,3
1807,93,234,6208,1
1809,58,370,4992,0
1812,83,766,19188,1
1813,52,343,24978,0
1814,85,447,15530,0
1815,81,796,26458,1
1816,64,1092,2739,0
1818,69,920,6889,0
1821,66,261,10842,1
1822,52,1194,9060,1
1823,92,810,22128,2
1824,52,350,22577,1
1826,91,185,9696,1
1827,92,1001,19271,1
1829,47,750,10748,1
1830,68,431,15696,1
1833,68,1125,8277,2
1834,67,1217,12719,1
1835,77,723,4244,2
1836,46,572,9125,0
1837,87,1216,21624,0
1839,33,1431,8018,0
1842,89,359,21495,0
1844,56,350,3157,3
1845,67,589,19665,2
1847,73,430,19573,1
1849,92,1422,19246,1
1850,53,1297,19826,0
1852,40,574,7003,0
1853,79,1318,26075,0
1854,38,355,6161,2
1856,64,207,5411,0
1857,82,706,19989,1
1858,43,280,10494,1
1859,93,726,21143,2
1860,81,1142,13624,0
1862,82,414,26186,0
1863,45,1319,7739,1
1864,36,728,7018,1
1865,87,352,15434,0
1866,81,823,22539,0
1867,91,1224,13583,0
1868,73,459,14753,0
1869,64,1254,14011,3
1870,77,1131,23844,1
1871,41,835,5141,3
1873,98,836,7975,1
1875,78,1172,3692,1
1876,89,945,16019,0
1878,75,391,26092,0
1880,63,1266,6060,1
1881,89,311,18624,1
1882,64,1480,24444,3
1883,59,592,19384,0
1885,78,783,13588,1
1886,44,219,25388,0
1888,93,556,23888,2
1890,94,1213,4223,0
1892,98,1137,18991,1
1893,90,482,14908,1
1898,89,511,26997,0
1900,58,117,2437,1
1903,78,170,9364,1
1905,85,967,14460,1
1907,97,1162,10261,0
1908,33,335,16822,2
1909,54,337,26841,1
1911,83,1396,14842,1
1912,86,1079,20115,1
1915,75,735,16495,0
1916,62,471,16031,1
1918,61,1096,7102,1
1922,44,1297,14511,0
1924,43,217,10410,0
1927,42,783,19255,1
1928,45,746,10642,0
1929,32,1251,3987,1
1931,41,1354,6073,1
1932,86,735,26496,0
1933,84,1475,23352,0
1934,64,1169,2125,1
1935,89,1443,20328,1
1936,87,867,12315,1
1937,58,1394,18115,1
1938,72,605,11761,1
1939,47,238,15318,0
1940,71,1206,14293,2
1941,42,1064,13738,0
1943,77,419,2900,2
1944,58,1337,19555,0
1945,71,682,15975,1
1947,49,1103,2122,0
1948,48,976,3995,1
1949,66,1351,9238,0
1950,32,937,6770,0
1951,39,1239,22914,1
1952,95,157,20006,0
1954,89,136,6225,1
1955,34,1146,16542,1
1956,48,1125,5771,0
1960,32,1404,18779,1
1961,59,1404,11473,0
1962,55,1224,13586,0
1965,44,954,5099,0
1966,56,1373,10138,0
1967,63,754,21075,0
1968,66,1168,5843,0
1969,67,155,22474,2
1970,36,1303,18079,3
1971,30,574,16873,1
1972,88,1444,5224,1
1973,71,189,25811,1
1974,59,1276,17536,3
1975,77,119,25098,0
1976,37,335,14811,0
1979,40,697,26862,1
1980,77,157,25198,0
1981,45,771,14120,0
1982,78,571,13672,0
1985,73,692,26849,1
1986,92,444,4258,1
1987,82,309,19655,0
1989,76,911,4077,0
1992,57,977,7298,1
1993,84,1180,13084,0
1994,59,1313,20439,3
1995,86,1321,7636,2
1996,54,1154,6393,1
1997,72,508,14284,1
1998,35,557,11189,1
1999,76,642,21412,1
2000,98,1162,17231,2
2003,43,1490,20232,1
2007,63,581,17624,0
2008,48,1395,18698,0
2009,95,501,21653,1
2010,49,267,15919,0
2012,83,543,4060,2
2013,68,234,18024,1
2014,52,116,5340,0
2015,99,201,3376,1
2016,48,801,24032,2
2017,42,161,15471,1
2018,85,1382,13684,1
2019,40,585,19788,2
2020,42,1037,13422,0
2021,58,501,25479,0
2022,87,105,15302,0
2023,33,638,26956,1
2024,94,557,12695,2
2025,97,688,9192,3
2026,57,667,26236,1
2027,36,1092,26124,3
2031,56,300,17312,0
2032,72,310,3666,1
2034,60,582,5640,1
2035,95,704,8978,2
2036,88,301,10436,1
2037,57,930,12227,1
2038,78,529,11288,0
2040,31,1146,16642,0
2041,100,345,5982,1
2044,94,878,14255,2
2045,100,1120,14369,1
2046,50,374,23333,0
2048,52,1322,2725,0
2049,80,1199,24594,2
2051,98,1194,12549,3
2052,62,287,8952,1
2053,46,1378,23679,1
2054,73,468,8489,0
2055,39,410,16586,1
2056,60,722,8828,1
2057,74,325,3787,0
2060,30,1167,21378,0
2061,41,884,12290,1
2062,42,613,21457,1
2064,87,155,5174,1
2065,63,1023,13243,0
2068,82,628,10228,0
